"method","IF","seed","budget","run_name","status","prototypes","k_distribution","best_epoch","val","many","medium","few"
"Fixed K3","100","1","300","fixed_k3_t01_tau025_e50","ok","300","K=3:100","50","32.13","62.39393939393939","30.21212121212121","4.617647058823529"
"Log B300","100","1","300","adaptive_log_budget300_e50","ok","300","K=2:29 K=3:42 K=4:29","49","31.34","62.121212121212125","28.636363636363637","4.088235294117647"
"Sqrt B300","100","1","300","adaptive_sqrt_budget300_e50","ok","300","K=1:4 K=2:44 K=3:22 K=4:14 K=5:10 K=6:6","50","32.63","62.63636363636363","30.939393939393938","5.147058823529412"
"Linear B300","100","1","300","adaptive_linear_budget300_e50","ok","300","K=1:33 K=2:26 K=3:11 K=4:7 K=5:6 K=6:4 K=7:4 K=8:9","47","33.03","63.03030303030303","31.666666666666668","5.235294117647059"
"Effective B300","100","1","300","adaptive_effective_budget300_e50","ok","300","K=1:33 K=2:26 K=3:11 K=4:7 K=5:6 K=6:4 K=7:4 K=8:9","50","32.63","63.60606060606061","30.939393939393938","4.205882352941177"
